mass,initial_speed,final_position
3.554860237752533,4.322546654743659,4.066142331518864
3.0818461559744454,-7.019741426325165,-5.364624995020912
4.290341555684671,7.515590744364783,8.905067823044483
1.383763177780629,-4.306999809746113,-2.8513345538346098
2.1753420009296653,-0.27701503539143246,-1.0657243865046802
3.342493255747959,-5.191107982813666,-3.4529679487217297
2.7805333514643937,0.21942253039768111,-0.9676677260215505
2.095426844082886,4.348158379778386,4.589087846597008
0.9490959211223429,5.38738886235115,6.742016293241109
2.741523603476068,-2.873191936956414,-2.0381329044747174
2.2686084010407477,3.5400158235140484,2.6898688389500056
2.2049216203291175,8.294581341495839,9.67763136482676
2.60543458443291,4.722444445129003,5.234609813058453
1.3276958303867696,1.210682193131003,0.09434007076829758
1.6659685074059827,-7.412174416197552,-5.837960748624526
3.8769159349761,8.52401111688738,9.860359061092657
2.1596264075825027,6.413970472463117,7.850058637650215
4.512058435942705,-5.752618347825768,-3.9437240872604695
2.3033262979507207,-5.023493333035079,-3.3520867076222913
4.575862824556189,-6.94949208583987,-5.260965372476152
3.199247127861957,3.3801580503832085,1.9442253580717839
2.5435478916703036,8.252261215127078,9.627218690944455
4.982270949001439,-6.814949839879276,-5.098953819104246
3.909107177227983,-8.237385675624655,-6.747313754668961
1.2222535182835863,5.05875680782003,6.214617728125826
2.8274505597651935,-6.409127122254583,-4.680171374110035
1.051891491893882,4.372659790672035,5.173660134757266
0.6364622573120056,-5.347594546573022,-3.7535494833407643
1.789377973601881,8.411076612291122,9.805038894254672
2.5032006733794008,0.30059409680562865,-0.8909419458600711
4.094853298856529,4.031940592377259,3.195466706396346
1.8909852990778524,-5.1590808564381,-3.488454501678609
3.4422395341514522,-2.668175524653506,-1.9596881590787742
4.635644386881632,-9.84158334755407,-8.376515277461406
3.166009365118085,1.9786829262899719,-0.010826875653275447
2.0796081456529443,4.187457273034704,4.24032178081816
3.9125662954952602,6.099556974092803,7.420139155134221
0.7065018479183133,-1.278533679771762,-1.0097197601274548
3.2842100557507385,6.181961585268073,7.542398549262641
1.7992129479539622,-8.03674534113063,-6.527688863921157
4.683691731609273,1.696840979718532,-0.4580255933046631
3.6938636804841027,-1.3767947581384572,-1.5455682690567196
1.8088989838802783,-8.271760537579848,-6.781615938502691
1.1263000565052348,-3.997994264521494,-2.6469099355440626
0.955323961434837,2.0760850529455883,1.3874294766799664
0.5850074593079426,9.507397960249364,10.98585783567847
4.794754529666317,-9.638886937458032,-8.1839466038106
4.707963425599724,7.319287678593767,8.715181457466233
1.4977705397830456,-4.995684335155968,-3.3744169358672194
3.6741020555280506,8.82061849958492,10.153377525890134
1.4727983072358977,-0.2645898391004238,-0.8828893989555034
0.952979374273383,-3.553092509446123,-2.3568342178020893
0.7082467752136015,-7.122612016467573,-5.5457142817009455
2.7532170421541675,0.06768048395473159,-1.0227826725804852
1.6698143092368007,8.189118758168238,9.59743821523887
1.8422115478632688,-7.30525245444869,-5.714652395673408
4.466088636529104,5.69407348582256,6.831308959132506
3.278092734751999,4.282630435736037,4.03726876183247
4.247658237819477,5.454117537180018,6.448580192731594
2.21799477721156,-5.73323633759337,-3.999656025816515
4.324425132074685,-3.0849620778905784,-2.12424924691735
4.406021042454427,-7.8327076570136995,-6.2924537911093354
3.55411847759847,-1.418493414097874,-1.5530498104518111
4.419730621567482,-5.540202299219928,-3.7394861726293467
1.2480946540692432,-8.124173075752365,-6.619863715965447
4.480580068684504,-4.30307949897915,-2.757475789388001
2.8860976698847454,3.3311919488229798,1.9623181935188025
3.5375024068301126,-7.867940926412615,-6.335587620752263
2.943019494554754,7.834397865426396,9.224014708032245
4.700593137649778,0.15365358689988184,-1.150340300326778
4.934896125608449,-8.037264204498204,-6.523525356307119
1.1421264764715047,5.607825891519644,6.986776352033837
3.762549625836471,-3.7732864557097994,-2.4572971407988407
4.384144863265073,-0.5855124229374447,-1.3512314308637579
2.907642370063035,-9.642466635618582,-8.180645144524926
1.641770099013503,-1.361680912620395,-1.3840724480560207
2.7754308848732636,-2.437876939511412,-1.8656947826849926
0.5455947788798567,-8.530321942791248,-7.023640848754002
3.8881401015777106,9.14700037547038,10.477286930683475
2.3584602115265625,-2.8718673086370643,-2.034287186318788
3.536002180360508,0.7666119301455439,-0.8344514553907697
4.2042597416718674,1.0043236220185499,-0.7947795614744385
4.24100904428999,-8.849352847327822,-7.3995874010737275
1.759404200830176,-0.14238390805086,-0.917616119775406
4.977915850504675,-5.2656067989799045,-3.4775542780580166
3.9229438037181423,7.038400477984702,8.452967564070478
3.9973921797364826,6.075518669503822,7.386812387338927
4.3653469213854725,-3.251354366306643,-2.1954227728682962
3.266741399790492,3.527414768396147,2.2306776707261684
4.118223853546182,-7.643220487727362,-6.075852660444757
2.089795643928733,8.101569860948075,9.49788895341841
2.562108800188425,7.981496632157242,9.370716158155497
3.6965021575857677,-7.447519438231954,-5.85231050550387
1.7492330515611718,-3.5676437066169253,-2.376251685425163
1.9458100027350276,-4.657893725517834,-3.0802293765504345
1.887688916938123,-3.3459688818185036,-2.2564219664824114
3.269855261803012,-9.992396283977122,-8.515037201763366
4.382328417137311,-3.553142898806172,-2.335886472246563
1.2870451521985635,-1.1013707781123916,-1.1943846996064302
3.9504274039245564,8.254017287446061,9.601189660817063
3.0686386181044685,2.8575530986606417,1.0568489962571987
2.098276802456935,-0.4000645522936175,-1.099194198861153
3.289510079931595,-0.5605513639569359,-1.2877011788455648
2.166697488259559,0.7416456324702807,-0.6038161246563145
1.7176145796697337,8.770470359243859,10.158959035082082
1.7905903381406432,-6.154369976883998,-4.450452769295204
0.6630577894634808,-4.119069088404517,-2.7307581343621137
1.6283204892648209,-8.454467582553104,-6.974080663261869
3.6809133625702457,-7.166222885893174,-5.525222913387066
3.761445299515967,-1.7147673894599187,-1.646531022049062
4.798484697206621,9.79937848389913,11.147535075385111
0.5045720554971544,0.06846435277852692,0.11055573618676426
4.05824075117874,-7.966945747136527,-6.445860807986405
2.7293623693665765,-6.886523166409497,-5.219190568172978
1.30170391833482,-9.597118036636282,-8.118465304469854
3.584989142016617,3.6035605412971687,2.2976360609289275
2.6057886115997424,-2.149608537822159,-1.7558374264588663
3.849773592953789,-6.072590982013795,-4.287746215156578
4.623396720303361,9.57726253736401,10.913329198187686
3.8989954399269933,-8.214788356771843,-6.722455350818881
3.395499935106452,5.96676305914292,7.266253240180324
2.4373599253810676,-7.174697782801546,-5.554821608995239
4.283895196183469,8.700410633052659,10.025939647409833
2.718154838863537,-3.4690204669011475,-2.3135362036378693
2.1301254553272697,6.028325626069815,7.409045062407485
4.511742803353363,2.2771413423798883,0.025900800828783765
4.230110216103691,1.154202313885392,-0.7248832589105274
1.39838290764869,-0.12744178201103296,-0.7884322748991232
1.6485843023889686,-3.107118816394583,-2.1318615327864805
2.087546858264356,9.713611544724994,11.106699388552036
0.8670592685941078,-5.6399677970158795,-4.0054967427905686
0.5362506899438697,4.6484378207522585,5.912083662001913
4.67110215398805,3.133906388066052,1.1131021613143566
2.0058688296651015,8.02865714466813,9.431796780796732
0.5962598882741201,7.757235013069469,9.255106600917873
2.8635547740658747,-1.5064525827720736,-1.551234446842587
0.9728911224239403,-0.3086096900776276,-0.6579591105647881
3.0399314187491786,5.454246682358146,6.5382592441465395
1.0980176269473,-7.904464587854116,-6.383337080481757
3.156419372621859,3.7707920159594472,2.820589339328439
2.5879155599846526,9.170225990549486,10.528009027784075
4.319627981904175,8.403171964663326,9.738106164564185
3.115436665677767,-0.17335473847577454,-1.1496258945218214
4.015195979754587,-5.6526834765203375,-3.8568649568826383
2.1135375738032014,-6.9255302223513855,-5.279746427988981
2.2121993565463205,5.97718535845695,7.34104185351432
1.6721712776413484,3.4082814147229747,2.806901721762275
3.406054143542567,8.127310325681375,9.490115454651571
1.8350489985678329,6.864314876585329,8.328437629997435
1.2893040559707911,-6.842838804844805,-5.2179150098815015
3.0234561462699365,-7.48046160729263,-5.8968289874951685
1.9424225370698922,8.493837861778143,9.878728049418815
3.898951317233438,5.2753560470109555,6.152358635709138
4.38278650194149,8.069613053161447,9.421741813151892
3.3754566553909,4.997491355140308,5.665838923228142
4.779933642237909,-3.524480483606462,-2.3179358964073806
2.3057530480043065,-5.582633730518543,-3.8498524629878808
1.2231470437221432,5.568834930202481,6.924440254101981
4.667431330035001,-8.499801835773278,-7.032680721655217
1.8257297571626534,2.5614485440120447,1.2077317665322944
4.915723910136331,8.482769186675199,9.807464515676406
4.996430534892064,6.636645769839973,8.026961819935698
3.7185209949949583,6.196254279531821,7.546306750797188
3.819731074586602,-6.182390297844069,-4.405738693848935
4.21134212898242,7.077604832054693,8.487635791802896
4.37302621905552,-0.7062560472491715,-1.383660465882281
2.022853286237237,1.426992164858623,-0.11442425463724731
3.6128311508178466,-3.7434231564157976,-2.4435351599122344
1.6822142864598122,-1.9718112642440548,-1.6303976990793183
1.5655886699821462,-3.628203996019421,-2.4119085126420274
2.9278382782488754,-7.221634355269035,-5.6000591059131555
3.724256620875689,-0.49492784791102196,-1.295021901156328
1.281340998230173,-6.657783313641592,-5.016692491213062
3.9494069151288196,-7.558959294554417,-5.9794901243400425
3.7196975384045348,-5.343086016111879,-3.575328361203207
2.435817116732901,3.7603547300977525,3.0923951809877033
2.9708523026532596,-1.0542089712339653,-1.4170514309229691
3.31507696781475,-3.0414940752957698,-2.1100816222818257
4.382988184036391,2.581976361969936,0.3724196963486411
0.9029408290631344,0.34754452632693855,-0.19394563051918612
2.1962989429302002,-5.495376949665703,-3.7732534905389126
3.08548607925973,-9.114434471581689,-7.664497861616807
3.297576569016497,-0.06689360179174031,-1.1302333872799202
1.2589221862778186,-7.086965274559245,-5.4873050020580045
3.0595192773325,-5.378870295775862,-3.6286748901689156
2.4415002847809193,-7.9508146004168,-6.432338477080283
3.6636941822989617,-6.467517896702444,-4.722881208768
0.9115897496846126,4.696040401238461,5.780123520146978
4.380451139398252,-9.281103921474097,-7.835201536521876
3.4427692779124257,5.27256213535038,6.189031231389704
3.22824579577066,5.581837411383033,6.725292438284947
1.6311746463361878,-6.801419864594211,-5.157874214315073
4.308041725684831,-6.0171797047189735,-4.218899908101022
0.9279378384149064,2.3041859650963232,1.7348097886565204
1.9388816941349822,-6.157945201512649,-4.446205441585761
0.8891394682958077,2.20850178326293,1.6590856219553924
1.5143885081750343,4.250758188936848,4.666911943097827
1.0302362104770335,-7.091560874345948,-5.500536001309332
2.2999314421248402,-5.3527315957598915,-3.6371810654288805
2.8194750753794136,5.241773498986834,6.203776972266592
3.306215398621309,-4.4178283265101985,-2.8587646031739187
3.905978269790923,-9.594778965861678,-8.139176919964529
2.3696739419260737,8.740861356488644,10.104804474795333
4.506180676793664,7.272179039259186,8.672360559351114
1.7341425635373195,-6.5829218476219715,-4.912854943134182
2.918293748179422,-6.110664398247416,-4.354870613033381
2.15431346584134,8.84177383966001,10.211724253567265
1.815091173365483,-1.9254450868841957,-1.6257027149888579
2.2608758916174674,-2.2784219844414615,-1.7904097393025031
3.934229047543181,-1.1715034955611294,-1.495405167008384
0.5913565716993121,-5.598313651611811,-3.9928939180691514
0.9965367741332628,8.416329049643846,9.855733280395697
3.3359202155879526,5.524867136118623,6.627743152157402
2.992101969680901,1.298334452182237,-0.47636010437843673
2.364586975467258,2.6922960115949675,1.0901563117276944
4.622179527453157,-9.058289437527446,-7.613554799801909
3.545307193639978,2.4581126745663724,0.38857598596489273
2.122171748944851,1.3203842232633445,-0.23137682173528523
2.771308987655667,0.6407509198264432,-0.7857569728472412
3.524316346376096,0.9312777972357473,-0.7577826847034241
4.181830990699489,3.257271097616357,1.4304090128280087
3.0312643509029726,1.9382508013549593,-0.01440404649084226
2.5586759682967934,-3.7185865885966933,-2.448092974702621
2.8764744319722895,-9.069013653712348,-7.617737417298478
0.8007402754817352,-1.678126837099887,-1.2826666742374502
1.3237099144132705,9.671211421123004,11.095834513659367
1.545083667598867,-6.333061145921506,-4.653057581874413
0.6927269100130823,-8.963882018850908,-7.471629146167457
3.768520909970562,8.829158256297248,10.160253801672543
4.19568794058849,-0.920282174977693,-1.4351996659940656
4.278030659782803,8.187798617335169,9.534185029969436
2.550320747863967,4.182910204849344,4.0309806232541305
4.752764325023525,4.70657554824073,4.822991349002835
2.3685380602262573,2.419800370010929,0.7169430150637539
1.1683735665484916,8.348132153711681,9.777336075099377
0.6057992879857037,9.582361597516822,11.060265013251962
0.5346509633643295,4.9757719092260295,6.339125485744083
2.3193909449555283,9.184581942892521,10.55067086184243
4.357826666121638,8.96643381553995,10.288288682131288
0.7329854633502767,-8.740205092410424,-7.247744575082819
1.5616807407941513,0.798811758700559,-0.3459193860971084
0.524917281670882,0.9447994311151966,0.8427984097621269
4.1551780581552045,2.578971784715364,0.4078854884417864
3.9482122800094976,-5.266465489092278,-3.5010638621219576
1.0871405159522625,0.5421690207382905,-0.2199007029241079
4.510008843489301,2.6395065257404724,0.4215827724202412
4.211670853777793,5.205730206426541,5.992488225166719
4.050902596161351,6.266358089983189,7.622476542575197
2.861183570336579,2.1466478179096544,0.22821670629757734
1.5711861052148537,-4.999952421770715,-3.373181220314768
2.0634545964011766,4.067132667075965,3.9781907805088452
4.174246921321753,-1.5888563904706103,-1.618254360095418
1.2167715329314597,-2.487773859082825,-1.799905323250138
0.991788680598193,-2.3648650824426687,-1.699828283122612
3.647122242586349,-8.526364104040312,-7.0597819685660745
2.4282849685756798,2.5917695755204626,0.9172355913800667
1.0222345057737205,5.744857609332287,7.171849244540067
3.6902931312368503,-2.7152856680055955,-1.9784393513685896
3.1653075847868766,4.951933241945575,5.603628424262232
3.3327054527935043,-4.888219842984998,-3.2032362292625645
3.249189633445477,-5.4342019618617705,-3.6725995753852922
2.321119116440919,3.754397062389126,3.1358347131223967
2.217638143585292,4.736027960710029,5.36371042044137
3.610364877216763,-2.917098121391682,-2.0576238669592812
1.3338052954226387,8.214492591291481,9.638554997325398
1.6029949440431746,-0.6643654513078996,-1.0979976708709556
4.215847752224309,-0.871515707672831,-1.4226589114719246
2.4950566051603427,6.699700115474531,8.140845896198796
1.903956422291508,1.9984890576019314,0.4592486904435469
4.944937258395735,0.2081495357773946,-1.14471671820287
3.5693504379423633,-0.3741374689364143,-1.2495953104193045
2.3675103708661203,4.064507641783091,3.828592367276869
3.613261228206365,-8.941349003032112,-7.492026239823777
4.79849039823815,1.5060723191292809,-0.5868070965779069
4.856789564658884,5.69986235121946,6.824814690725821
2.2165628902064567,9.000698183369785,10.368160374261338
0.6449218823132145,-7.1149489010013856,-5.5397058112711575
3.2133261072846766,4.7333716224429025,5.126012185414836
1.340838147750191,-2.062571027168085,-1.6232971254064417
2.458438172694996,3.503260961243825,2.511583058257517
4.135231993834241,-5.000487471662611,-3.271389024919518
1.825459193825221,-1.7931553332404189,-1.5758094481281884
0.7007185415689345,-2.1832962046396753,-1.509712598160449
1.202155168944502,-9.09565460348311,-7.622653149239862
2.2263843914122505,-7.5549320421969,-5.99017904276159
2.7261389745681583,-0.6326676337930941,-1.2647477991339793
3.8573499291713342,1.1028516558819152,-0.7122652757155351
3.701639890850251,3.0354189557709965,1.155465577343111
2.0043039933175506,-7.212357055577375,-5.606729812844856
2.2490274597444913,-5.17203814060585,-3.4803432681027067
2.2575042390246547,-0.8221284298195854,-1.2765697386734125
1.32681646170509,-4.216915270340382,-2.790608414077607
4.644427757113079,7.523519861971508,8.908660350123524
3.3538009719953084,4.963177875276374,5.598222395397033
1.079681582302132,0.45630732214682546,-0.2718895976350816
0.5988768039248793,-7.392568236670096,-5.83595951842466
4.842391197799315,6.585968215133448,7.973908415325399
3.8414813597872524,-5.281677596118239,-3.517290720179937
2.836934531189922,1.6789247957192934,-0.17984075206587352
2.0850696985986077,4.194082960947501,4.252593998786157
2.7430936424623917,-4.9924586295181195,-3.307531548181923
2.6618776658241803,2.106811054725073,0.24983015745785042
0.7451898037969862,-7.50627782690398,-5.9558049388540715
4.777767911385424,8.639348104256623,9.960327488992604
3.433104667364547,-9.778954945504246,-8.313630539832065
0.7317263173269013,5.130384840643245,6.466446783748987
0.5348265399487868,-1.9272305569822663,-1.2633418087334671
1.5699935966122869,-0.8046668489135289,-1.1470357675838985
4.175627849171873,3.463301864091612,1.8386751580330476
4.942664838989418,-5.310173985381265,-3.517599484004481
3.5622266260528823,1.369823614951791,-0.5285771493201084
1.8669215162778319,-6.706895164806223,-5.043698442686608
2.965644089572422,-0.20072709173110148,-1.1442888951660783
2.147861661082173,-9.09027373254268,-7.633229035518603
2.145006540017029,-5.455892004915395,-3.7393076435732104
1.3118986245958102,-9.899067353524977,-8.409592572109077
3.2772430800410497,2.367035972949301,0.34928153025850506
1.4662759800612795,-9.236236633529467,-7.768573201851913
4.028805206156534,-3.6989444760795482,-2.4139942422885863
2.041730643274258,-2.6207329568095927,-1.9196748898053553
3.3830497716004784,-6.193811528467117,-4.42921468321419
2.07608848330955,-9.678540565380821,-8.20888683431647
2.9250785002968978,-5.306091213336803,-3.5682738134237892
1.1040262780412347,-0.541146040078571,-0.8592332016243902
0.5803089691498033,1.5773689300810325,1.4055845707330348
0.535437471120618,7.065167777931514,8.593682698198876
4.111606197427182,-5.386880726869416,-3.6045478931871955
0.8520827209427865,-9.08238425524021,-7.597762504110296
3.986137837847663,0.7586535927152394,-0.8832066850611017
3.416425197001759,1.8434896520623774,-0.17701149560871843
1.0659589578428605,-7.0571798498356175,-5.4617197955069114
0.8484674246066577,1.6783859645912642,1.056986525556284
3.945209526803118,-2.097867973675873,-1.7667043316116373
2.7474344320277075,1.7518483947089614,-0.09862195570780538
2.8936982731334653,-4.840170308589133,-3.180088996308208
4.436034545049242,1.5564617976519664,-0.5222603156433111
2.6637481957724103,-4.838038437358549,-3.1870361816324078
3.872422786614026,-7.508353580844631,-5.921414420495371
1.78288157691098,-1.102524008547988,-1.308717683404421
2.1734943602054244,1.3886971886506174,-0.20039710710075104
4.295411130267377,6.4800584626350926,7.86510825257176
3.7500420346124197,8.278475225947485,9.627383250205986
4.3453066120433705,3.064310651142957,1.0579318391873833
3.6907535685504222,0.7952289843653446,-0.8387120278568265
3.7917593167708867,-2.7788367565736616,-2.002904943902508
4.425588829183703,-9.703263243034277,-8.244627635652137
0.6062768806910527,9.24471872642821,10.716264601473053
0.7154596928173049,-5.86589096837955,-4.239792641055833
1.9437263426615532,-6.515551041618128,-4.829742895623284
2.6923046071645738,3.5380355448168377,2.4765398371868685
2.6633251612700883,2.4506103757297275,0.6360122810326175
1.763301279313965,6.560426338555139,8.022895281463963
1.5300745520459493,-1.2998083901460191,-1.338644645336988
3.3496005266556947,-9.444336952461072,-7.991414595295119
1.2623761769473445,1.4811740189687956,0.38357581810673413
2.091994813096747,-0.2251829321184946,-1.0298243739420456
3.5269193288577596,7.803024323742051,9.18413137653103
2.9285691461982237,9.405916446286465,10.761494503774623
1.5026016173085286,-3.1335776615104427,-2.141079770865206
1.5409135287070572,2.8881157900743464,1.9458295870787647
2.353416001665238,9.861526537149114,11.254975130965674
2.258765744913352,1.3613864528098034,-0.24922350193166404
0.7869954718354284,1.604802695770399,1.0668946105158694
3.1288915619761406,-0.5804340614795898,-1.2824425863150792
4.90574801756156,9.977303636854138,11.337933759314579
0.836115578547011,-0.7715370576993763,-0.8204573642058635
2.901970431640589,-2.667877935620167,-1.955762414953052
3.0127953649012005,2.0347633685822846,0.07757109922279265
4.677015367726457,-2.738995196708281,-1.9878431891600765
2.0602989229341024,-5.702127513061532,-3.977546480764441
3.4289000557845175,-9.261053343180938,-7.812039377749606
3.0815234082912957,5.962678953283106,7.274772171559297
1.025652379837256,-7.078297051014831,-5.486261572211964
3.2923158879209637,-4.007968222217288,-2.5986282208143656
4.8127657632146414,7.846847764396465,9.208870759045075
2.88999823046847,5.739036827602222,6.981391286717409
1.8439030055111587,-4.161061028205673,-2.7341558999165145
2.475042817888334,3.547826640026413,2.599335463382826
4.72120848889249,3.3206319439355685,1.4405692808274635
0.5692900426219593,0.9249698134846653,0.7368985468393299
2.4917740903304475,5.2073157801768755,6.188526115267231
2.9754850856164836,-9.05787232179766,-7.607114485064976
0.616766635894284,1.589094680814302,1.3464468742119755
2.0337168256601967,-2.9090545047177363,-2.0458315375276808
3.0067224119197835,4.57872488110036,4.819333754470602
2.981471248385726,-9.350605867308792,-7.897899795691378
1.2368242401507543,9.082663524851792,10.497518117062898
2.9808710757728734,-0.7560998237719136,-1.3256074476440742
1.9320186415817502,-5.18956116086404,-3.51246343077349
3.8384935683518018,-1.8294454460047014,-1.6821782546490498
4.411525144415245,2.160219270572629,-0.06926014616620746
4.245226331251896,2.120082369613529,-0.08185776892827212
4.80785310821961,-1.09815884059911,-1.4992430278365898
1.7830106733223834,7.266987163981224,8.72082529213397
2.8467558165666498,8.024998817985725,9.40485197050568
3.644809265503614,4.5793326285124625,4.682865960242037
3.4910992889867334,-0.19060550115406905,-1.1866653841755752
3.1481453633017145,-2.545745460186078,-1.911425799318863
4.9655346399059646,4.904969967324803,5.278202583255872
3.805827008103532,1.021902672198225,-0.7467833204957408
3.9935614194234987,3.40755095085985,1.7673888646859608
2.3790671053058916,8.115076328445806,9.501652497088457
0.523543100789613,5.105474905326023,6.504769323173183
2.6462631916486012,1.9988805281218873,0.14885096645843315
1.52359507722645,-2.3857882967994666,-1.7878680264107971
1.8828118861734857,-4.924178830093338,-3.2921835590845476
2.3982236973967463,-4.306441467181228,-2.811195210117419
3.5301475350395863,-5.5656223653141605,-3.786535825245879
4.84152435086863,1.8955010059975521,-0.3355056455735287
1.3531422466766903,-0.044066678287869365,-0.7268966805893976
4.915027041187622,-3.880476457335,-2.499618910878615
4.9859031245575025,8.595025269126381,9.915041465542119
4.902408862096115,3.7442916436338294,2.3149680336252048
4.394097392391883,7.77558923012538,9.146885915304953
1.811026325607312,-8.059033551796318,-6.551966221580339
1.6828441504469178,6.1998813867643,7.637418935882897
4.827093913345859,-2.4067330353521044,-1.8725606018466818
4.910456912617649,-7.152439223630358,-5.495982353456922
4.972211404835107,1.9848539419181588,-0.2812098378892082
1.0266597426318766,1.1585240736950393,0.31249226198257074
2.005605334259875,4.244096435507949,4.4001738077042365
4.725491989191716,1.8176777602818248,-0.37984866571218223
0.990267500148563,-4.771432381066331,-3.2249242047376394
3.340651552313493,0.26749840004196734,-1.0157866592307343
4.594726906630654,-2.4961326944750954,-1.9018338509724884
0.9977909513820884,5.596661714644451,6.996198584298464
0.7552164047868771,-1.2665097906767357,-1.0363101518066482
1.0536888018466057,-7.671098127611266,-6.131282438057113
1.0555423115838771,1.285148766973819,0.3963716261155218
3.4346060385725976,-4.322359829999334,-2.7916679329619307
4.743880982886448,2.723178914322066,0.4907954228673647
2.163747629238078,3.964410121627269,3.694608981381345
1.805034272197008,3.955417441893097,3.8735007975024773
0.9484041286273863,6.816575220196398,8.323410549008509
1.4968483745264984,6.29092366807463,7.749955301647444
4.047180591676206,4.820349225249469,5.187532645317479
3.0449547728418502,5.578128362724213,6.733193097894529
2.4303797437988632,2.9277307293806523,1.426915632073621
2.8127551573690486,5.87168669447054,7.168594149535421
3.730487242229235,-4.880295220641873,-3.1856014424126573
1.5819928130711864,-3.099354270745984,-2.126124911430636
0.6398790934233354,2.53667509499045,2.55731783024338
0.7464990309471692,0.22620971604694518,-0.11408643574844696
1.5391398636692248,9.86019186065381,11.282808071799954
4.3256084671009445,-1.3725985361102886,-1.5614029728439385
4.804640953056788,-7.1135697617221645,-5.451171375720026
4.772765918632036,-6.264541787302655,-4.4760607284487
1.17213737858346,8.98014142329927,10.398881396332182
1.451302710420736,-7.7415368434605,-6.205604826096911
3.108205238882021,-5.843410370901944,-4.072267490526059
1.2452174698694554,7.891865873202608,9.336050017644226
2.611412786509219,-4.973123143242971,-3.297055557243174
2.935530597347988,-4.095434726211771,-2.6596988739211707
3.2317910977800732,4.349211005484641,4.214276091196613
4.77452202384208,0.14505094596639978,-1.1565734365589695
4.863985434338769,8.147259689085068,9.489356656726907
2.2493914578537897,4.354498118936574,4.541706972523384
2.3099751473703125,-0.7331995287168862,-1.252225228241979
1.3948234211597688,-6.915623198831349,-5.2933304392284075
3.5375831725451694,8.266744387186893,9.619706222315505
2.6359507443577384,-2.7284188124188136,-1.9771288613579219
2.7672596167853007,-9.712030104896927,-8.246504601268047
2.545609773741053,4.745169611687123,5.296952110876069
2.2430760548389124,-0.5763827942087119,-1.1881265498079392
4.571546452179644,-8.168043212297997,-6.6702688079377985
3.67773268764335,-6.786977467688673,-5.08549193218747
4.254717988677383,-3.4733693364668277,-2.298497961285233
1.1781295848793099,-1.7338007441417265,-1.4441404614916675
4.098031631689626,5.525006239022506,6.577678614192908
2.6391702554683265,-3.7440855747899153,-2.4607274284704372
3.087214864295824,-0.7821856880359022,-1.341400265331073
1.7024185269775187,7.09652164251715,8.5603013381815
0.9400461175248888,7.083439877510536,8.583933614577006
4.775482481117698,6.956679096921086,8.361431055739002
3.903820741291726,1.7943625004148966,-0.29608282190290947
1.4941858236102115,4.325726803558144,4.827347455915931
3.1824968446734516,0.1791730793909192,-1.0321593835157108
1.5554878277152986,8.663886032350764,10.062011853775118
2.347727692356946,6.13894752798895,7.5295369686922395
3.3045586620861913,9.485615424561622,10.836541548008226
3.41952878774718,7.416183122990915,8.82335509319611
0.5450607504134088,-2.822190432687859,-1.8246768148724828
3.1049378660407596,3.582191253686224,2.4076946248921804
3.9993678246518076,-8.93622369739927,-7.4880550753596395
4.722765648999539,-8.30294007230006,-6.819124289903151
3.580233619931765,9.052791394992276,10.386946147378074
2.039353281976977,1.7349615305796142,0.1344261258874131
4.059739252352111,-2.0422037332712017,-1.750707516605906
1.6474377086240297,2.2341127026966756,0.8936615752104391
1.9085600835659382,-9.73625056590113,-8.262468156550334
0.5738407794325506,4.078712421184079,5.072397111179136
3.532687213944992,-3.681893383190684,-2.4120574605081107
1.7555018939262585,8.903359085278375,10.289076587054284
2.258306219692048,3.8688919803240633,3.4284574461998676
4.782428141877076,1.7360380240437934,-0.44169210252730806
1.9897560684377202,4.813233089920093,5.5781261544519305
3.004237408560085,3.0338918151402527,1.3655057899600755
2.0443315761815644,1.7253526743922052,0.12359374191193612
4.228610080069588,0.019079714903988076,-1.1678894619851734
1.0627284232646137,-6.424150714930057,-4.780213218712048
4.013993141410679,5.147100140140569,5.894332907358403
0.6376829378876974,8.6052297379265,10.07393813668634
3.808843011809237,-0.45455692982708484,-1.287841736649331
2.4030102483308626,7.887379757462384,9.286466041586333
2.345179092272208,7.038060144133375,8.483223220037045
1.9719436930918999,-5.190547644819077,-3.511048570521771
3.186931422927502,-7.059134315469233,-5.408239206832729
1.8715872324943257,0.2303511981546471,-0.779177845506734
3.0266070120975295,-1.3230438249430225,-1.5025614196041523
0.5680726506390535,8.82951726439153,10.304111312153626
3.326441172280632,-8.484501679504934,-7.014506651506017
2.7149028994141124,2.6241569121345343,0.843556593849401
3.4177056967602475,7.600880972920759,8.996926169202672
1.2130339296749688,-8.116121467843715,-6.610963357584991
1.8623352730364815,4.744374574042009,5.485664454530313
3.229754179202673,4.3018601269034455,4.098138100945706
1.1793110327859861,-6.533331059014856,-4.888575129874757
1.9647132240600174,-2.5731651082680678,-1.8966662722345728
2.786250712503842,-9.964386316962816,-8.486515758775553
1.5803215952243677,5.18209614676916,6.312231972834775
4.096205202149104,-5.7152663552593435,-3.916107983259478
0.9252255051753511,5.582963088755786,6.991889389900494
1.7371854675202065,-9.143748162591196,-7.681452628760449
2.2954321023867665,-0.8355506903410159,-1.285931550666222
2.1012770102666214,0.4895392730689263,-0.7170466355308541
1.551004996817658,1.205666060959139,-0.055282492868055366
4.315748012400617,4.939752224177475,5.4250001171901285
1.0374948171912175,4.4857682504597935,5.375516136611161
1.004361765903734,1.3587908831165851,0.5206579003594669
4.636400835292237,-5.683474273496105,-3.872841182322686
1.5684992099195796,-0.49912674887560726,-1.0184479671584183
0.6398885977963835,8.064482901989148,9.546702459678023
4.645339015907574,-2.4104184936071293,-1.8731510979009451
2.6442049246941717,-1.116172430181777,-1.413403817836847
1.4221488777784768,3.1513280590573913,2.52562044429132
1.2138661757406708,-0.1642139905126978,-0.7221563677766125
3.5811898955924915,-0.20718111131258254,-1.1984416297997071
4.323360421000389,2.576923964367321,0.37626365684762664
4.821243384193115,-2.1836960509190924,-1.801401482282059
1.2488115095658554,3.7096896058819055,3.7753906461533218
1.0870625408479766,4.160343486433106,4.771611195338307
4.377976952563367,8.869449600822449,10.191310298565178
2.023046993701773,1.7906098656649654,0.19268718941092122
1.6412081950908142,-4.495663366157823,-2.9747952638892476
1.277151431260005,-0.1903109595025647,-0.7666090037934592
2.38187181594643,7.347008379308765,8.778839637835071
0.7156909509456164,-6.597617172823047,-4.987641957105884
4.591980426032016,-1.5475933688066945,-1.6144752227686905
3.7962744999315725,4.4526381332503995,4.33994430437483
4.9173487168371155,1.1880876160271985,-0.7651735440205389
1.2801406685792964,-2.611623599010411,-1.867204213447407
0.825086473076793,6.866644968389828,8.38028927952549
3.488864667940513,1.5954967721667401,-0.3730116578634026
0.7012580494582619,8.380441131348476,9.846929833898042
2.837108878730789,6.853894864730485,8.288927388964701
4.723648614496022,8.19129788596478,9.532294417733382
3.6027121354056746,3.215594503643185,1.4979585784462586
1.745134000124183,-6.955008071524502,-5.324445813469963
3.7202101030631205,2.8430993075503945,0.8505915871543832
2.2568599226855106,4.553499416204584,4.973769001200804
1.1008322275005824,-6.535736289526115,-4.896088740016283
2.850953807917346,1.211306887091519,-0.5008865394731572
1.1614474163509296,-1.5859127225397032,-1.3729110178535717
1.4414906648439472,-3.6497725318116903,-2.425043716124133
3.358562222630227,9.744597055780698,11.108374786538016
4.166126262064664,-6.6526538562405975,-4.922785893179037
3.2022962920786373,2.7576332494362177,0.8660364905883011
4.208648422413111,3.2280733814859666,1.3706234540628957
1.3450948148119604,-2.6574479973145193,-1.895779500786298
0.8440946475186879,-8.030296735824,-6.515051584566062
1.543456760109677,-2.920616147319981,-2.0361130178562865
4.091277367181893,9.676244353202176,11.024553498175894
1.57222411590797,-8.296174531527354,-6.806009920751537
1.384590235108221,-3.4750368440847756,-2.3233676418316014
1.3544995276855694,3.8779302756915275,4.021813525762951
4.344556669930167,-9.570079137203704,-8.11672757227802
2.268782208287773,-2.7298716286215434,-1.971927447234608
2.455777806192332,3.697532923416702,2.9402354172650362
3.1823369128281356,-2.987630048158305,-2.0873777020497974
0.9266865078350228,5.534658497030872,6.932307278258087
4.043999961954162,4.527439773272803,4.480655976120849
3.0059529514230445,2.8474438071911017,1.0625336366094411
3.2944428622583133,6.460707426538395,7.8646448692427855
4.962559754535391,-0.9882706242713439,-1.4743416030610532
3.0458680979633366,-7.38366071475828,-5.785206306554965
2.498021162532658,4.19330484860215,4.075615208344293
1.7580370383686026,-2.639000444983872,-1.9158303705274846
1.1859122588351536,5.750996782563478,7.15712610069402
1.7463149710839434,-7.9365168533892305,-6.41821547134467
4.479782329801733,0.47814356891866083,-1.0294230233754516
3.837835974829528,-8.791654668246496,-7.33892209566428
3.5057771396907884,-4.871658443416971,-3.185056526080535
2.53395939607248,8.92556253596091,10.282926084659472
3.3478239622095423,-1.860960487337417,-1.6809632288936467
4.316110680396799,-1.9823329143315114,-1.7355312943248633
4.914536381976028,-7.93349290261514,-6.406002319720569
1.7765137055155633,3.581740469021593,3.08689748324814
3.747665097900203,-3.599627177665008,-2.3665505249171135
3.096360649547566,-1.539610635955258,-1.572310953347741
3.290713707995986,6.983661842638892,8.409034361590638
1.2812556656772491,-4.81321042252576,-3.2392544119399354
2.740236217074334,5.635394482766705,6.842925178831774
4.764101230112824,6.464316567225264,7.839610085772806
2.4332695127066652,-4.318221606317305,-2.8179104042939107
1.7331974645884303,6.459244865822786,7.917933278652841
2.703662950049884,6.020018321330596,7.3665406791539905
0.5916981873216048,-4.745093854118947,-3.2267077000131055
1.311408068751932,5.041845427325445,6.162977065652855
4.563952011415102,2.0913382694863696,-0.14927174300619384
1.6795196637558325,0.8166837027271363,-0.3895924360786276
0.6455659515874332,9.272697226956563,10.740192667489225
1.1791840886503744,-8.306458859892329,-6.81240361673575
1.7651524895814048,7.808564512027086,9.232979018127683
3.820900717218398,-2.271501121702002,-1.8216327717904521
1.6428489480546278,2.4306905670909718,1.1552796265477983
1.0717129393326836,-7.6517779610798335,-6.110209003119985
1.2935287610955366,-6.669012827109826,-5.028215518616881
3.530839656027314,4.5892791993191935,4.729233934560985
4.396848650275374,3.2277435780097505,1.3303669328336383
3.6077676731578463,0.9431642406806802,-0.7621233179191791
1.1589275349522543,-3.512495420029138,-2.340445515939109
2.3136028474930277,0.8146785145002777,-0.6035600742048869
4.415214361135575,9.178414778522669,10.50186900843013
0.7663401978510134,9.930711416037902,11.404699941073932
4.832305778763827,-5.601681173382906,-3.7895393953811385
0.6677879831171833,7.211600535923402,8.725420560899483
3.7548715395040593,8.17518157112535,9.52954460497053
4.3383902354676,-5.594753749893789,-3.7932557348486515
2.043280117720331,3.485222033517676,2.705394255376851
2.4146652718980315,4.520319449117265,4.851272165794795
2.905227664555424,-1.7270251916682362,-1.6241588208171578
4.892274687451718,8.223544986736535,9.560944545989372
4.460165843836317,1.9520335003012192,-0.25017357694321407
3.15370613128574,7.7543519143764,9.145031057893771
0.6929732034891727,-0.6933973929904376,-0.659206799309564
3.1462206022523937,8.1344663736282,9.501700101664774
3.9722334789024814,8.649830934316483,9.980943142000093
0.9236603265397749,-9.684015388305587,-8.19230781737624
2.8931716650144548,-7.704804147867619,-6.153964316598344
4.533957435162063,-3.4530394480198634,-2.286148212716235
2.029778275614138,2.908893255056677,1.6168030118328063
4.016198056198151,6.598557964509148,8.000273076854166
2.3057267733500897,0.148034975752239,-0.9187607738998359
2.793995294219113,3.3311241412126726,2.000063469126045
3.7188036056616,2.806934372636391,0.798474405743859
2.748359304722023,7.924378392883511,9.312560611055037
2.736639345048162,-7.581863046301485,-6.0154261840840215
2.9239028488333747,-0.9427794173442106,-1.3795190412408072
4.038832152787064,-1.1070364685935417,-1.4809849660016154
4.929696969379476,-6.007086481619317,-4.196295913386168
2.2854193854806066,0.39990662328835747,-0.8040752276530521
4.415824994868237,6.258397871277211,7.604685558509649
2.1210730786854413,-6.142646413075061,-4.421043607052222
0.5721066380835811,0.1765799418274394,0.08481148727195442
1.1722870805946004,9.81614949360814,11.256122404886382
2.539319016958857,-1.7667254679090671,-1.6199674996370714
2.9411619664146276,-1.8276399473636378,-1.6578565806192183
2.7536540253150927,-9.268886696541156,-7.816029589942667
2.98394026191561,-0.2531938660733264,-1.1641037621576538
3.133182575877568,5.171873890805587,6.038318570015632
1.8747230533536903,-7.784463201208711,-6.250186348797006
3.0482251896653003,3.936253593975856,3.254197384132674
2.6726498574577584,-9.944337884699433,-8.466943802537056
2.9621031981008983,1.4399020807039662,-0.3798895210714184
2.109260959414766,-6.931162114066181,-5.286223860178672
0.9845872969223319,1.819548421570973,1.033014162321801
1.5976794522236841,6.2258081875830165,7.671852411791954
3.133360331385842,4.467912521971417,4.527801411805702
0.9918161372162657,0.8454606834396436,0.08686394471332048
3.6586182246125074,4.436432073253995,4.328215088454653
1.6528843698992517,3.87153322835262,3.7902470914500372
3.802285593724108,0.459336167231184,-0.9866737224853526
3.3017092495954308,2.0278736611954002,0.0026625746222468383
4.98711384623194,6.351189857078321,7.705109459932456
0.9258605613794675,-2.614958800893506,-1.8152999297090222
4.6278174433364825,6.8727822743389275,8.27846475459278
4.549372646585571,-1.8828622304824734,-1.7087954563835894
2.8501290621801068,-6.956483383871122,-5.296479928649354
0.7130323595077559,3.5998566852636174,4.151674011027732
3.9788114511412487,9.834222760286302,11.194401250591163
3.564586860024568,-9.26748844004095,-7.818985258054098
0.7580730708451946,-0.07061935856257051,-0.33145030245958534
3.316941282117613,-1.4938711985527,-1.5670091237173018
3.245646255039322,-4.124549850447046,-2.6701842595930283
1.7162393976950563,5.675149287057886,6.9965969526986544
1.2948817359315372,-4.679041063845981,-3.132084891232963
4.137505611408293,9.140028166753794,10.466495249486336
1.9882757841111833,7.181929101310487,8.632636001919986
3.6489371006334634,-6.843650511218344,-5.151292634329127
4.6406831252310585,-4.0662455068558145,-2.6090206467917567
4.2686818247944025,-4.689915699463036,-3.028006136964075
3.817868244796695,5.979846821384509,7.26731003204337
1.6079323602459568,3.7053839851340378,3.470579119100678
2.0130126755642994,1.836708378567856,0.24076629286365622
0.9002221076150301,-6.936591278515831,-5.33800438094347
1.384854096633167,1.6055874748022028,0.4017773213451393
1.6114830039852954,0.3525225646028254,-0.6291442716098286
2.800430593792705,-5.903641256892063,-4.14433779195696
0.507304783422506,-7.185048382448336,-5.617992087381313
1.2628737620348578,7.305248174750744,8.77904901782713
2.4450948131584136,5.448892190453744,6.589784734513808
2.883506453748639,-7.63079784372632,-6.069885696799348
2.1549670002308736,6.121044547945928,7.51860418973912
1.9147575580760456,0.5802661376169542,-0.6155881324115835
4.976814720348373,-2.020121339461493,-1.7531145249745728
3.111020473752511,-8.724607375011047,-7.26687136224781
1.9461581669257118,-5.622883856371724,-3.9074788067733346
2.7552732102367385,0.4682643848353525,-0.8611000711969842
1.9104044791094545,-0.8911179910185645,-1.2509005479668804
1.084683563693234,1.433158714370391,0.5055760434218941
4.304033739557989,-5.894975621456673,-4.092094444109745
3.6224481043989947,-1.0691963960121598,-1.455116189400428
4.90665627031217,-7.766970032019753,-6.215206859723583
0.7389510785937135,-9.452548949050756,-7.958937550193257
2.183015350989601,2.35420162337517,0.7218477309958011
3.791842645429378,7.333809711339072,8.739832241176853
4.944332262727231,2.7443223038949824,0.4890502761272455
2.031721906121091,-6.539215185701385,-4.851950743488015
3.1848935441853268,-6.065943446883903,-4.29904222860993
1.795626850983793,7.290683142849744,8.74294906215239
4.492595136483408,8.348767425893588,9.684071548248928
1.161038756380743,3.4731478708268995,3.4012443628966733
0.9775866766438854,7.007763469252975,8.50849520898411
2.496763347264654,4.459345780409642,4.689491459054152
2.903277129633408,-1.671679912006807,-1.6063094904519926
3.776452531725027,-8.617220986614939,-7.156368271750449
2.911432269433654,-7.453462930802132,-5.8670504445401095
4.379504863912903,0.15540483376886272,-1.1329857806921564
2.54918266736673,-1.2940098711555628,-1.4636115470177509
2.0206688948460405,5.836482867822026,7.1773754089237976
3.6059857837742233,7.722409137509445,9.107607337772535
2.7750894299552344,-4.5437951856021,-2.962599235802361
4.101350427349072,7.730371358257649,9.10820102423339
4.135535684614553,-1.315608328962254,-1.5411399995746373
0.6387491778748702,-7.060704115564008,-5.482226049313356
4.476561905917558,-1.6005764732220058,-1.6271496036671191
1.4950397048213193,-1.8137459934280145,-1.5416936663004712
2.2500054351610634,6.665946569800166,8.113619435387056
4.3511517479583866,-3.1130504161653105,-2.1358846349667693
2.337123409360844,-7.199979526082698,-5.585656198374892
4.247637327685451,-8.432247754349218,-6.959655234405305
4.302227107513705,9.708757502866444,11.05637608827889
1.7881000382134833,-7.6321193891541235,-6.081663377526879
3.2226382610103514,4.657230877320549,4.9515220946883405
1.2683336823620013,5.702579336586389,7.087037905199172
4.89508650037925,5.941153333135663,7.1809422927445645
1.2268361942294796,-5.781562486182816,-4.110834939827654
3.692211092790352,9.027691509072412,10.35971232978824
1.74721530894564,3.490346631406023,2.917346542906029
3.9406242920634513,-5.859283362960259,-4.06413368793004
4.595189219912398,2.0457424235223662,-0.1912271108191076
3.438587329300405,1.6510536390506143,-0.3258077241361913
3.056576697973906,-6.723653427369971,-5.025928821964017
1.065850112324175,-8.43340600523683,-6.943318749258957
3.568298624593875,-5.226564138873573,-3.476710543798242
4.453713245406794,0.34942289870123133,-1.0728868065905774
4.305938822860222,-1.7172382646853546,-1.6572898674114362
0.6218355686967629,-6.83762532657526,-5.246537703994916
0.5298137162516698,-2.480342296452605,-1.6013006371443008
3.9444576814067123,0.8793036052993681,-0.826970755084047
3.2990134904233814,-2.199335298233313,-1.7903322862106577
4.788293163966566,2.6655496049694793,0.4115909370804791
3.0581748539461673,-9.880309105401173,-8.408275375647229
3.6241585765071287,-5.859565125397445,-4.072751183804708
4.273883845006851,9.4444862501846,10.778303065710364
3.994294547670663,2.3289921941172036,0.1576504508702683
2.422941816955486,-7.410973893138603,-5.824690362519966
0.6475998782422958,2.7362172587574953,2.8454486985042187
1.861691942610649,-2.625931866295195,-1.9149352252687541
4.572233067695121,-2.0623841446302755,-1.762393724547653
2.440325307491112,3.3583698859379254,2.2185411299976234
0.779870314099892,9.559864109245119,11.019920337976844
4.117719818690974,-7.194848753971989,-5.553533284645212
0.565482255460751,-1.7472814247594552,-1.1775808691754492
4.8319172709397815,-3.1325221946806643,-2.141489169758496
3.688065870678217,-7.442778989209264,-5.846886738769485
2.9983341461328994,-6.058791765140339,-4.297568183400356
2.9413893227393126,4.465479483029851,4.572236846731169
4.87834901467311,9.33502413852835,10.657389693250963
0.9214682725507772,-6.635583286932391,-5.014050452369882
4.98866861248987,-7.937537409338038,-6.410433539808661
0.5119178094013941,-6.817895091996085,-5.231787923886139
3.7353569772787685,3.598531755734925,2.2432064843313633
1.4380955410406004,-5.045940872493437,-3.4206837562508365
2.736549128670897,-3.5779745378698617,-2.369435736664304
2.0388537217269986,-0.9991918773830051,-1.3101388550653565
3.673729661153295,9.547769866315651,10.895128374695648
3.081389309743879,-8.15369324111711,-6.655594779139628
3.5684470623835707,-5.211804101806847,-3.463892444435569
1.4878350006223524,2.476586838460534,1.347041025744165
2.761886026927886,0.532603037178081,-0.8336035726331668
4.8656931354190345,-5.815003407413535,-3.999293627287699
4.292897566930209,5.771261198016681,6.955775136418056
1.3480867363261804,-4.755723064740716,-3.1890492940660344
3.0243795057463463,-8.138123138274342,-6.638491336455761
4.737068082308847,-1.285678467797597,-1.5468035488683922
1.9978728744879668,1.9249807642285361,0.3344689253230808
4.457244872424996,6.679448761142204,8.079928638907
1.1323986277191633,7.409967247874331,8.885482417412415
1.5559682501430712,4.6491742085509,5.416609646866991
1.0987760856155697,-7.008071263270126,-5.406846679847715
0.7087408889431632,-2.5907619870515415,-1.7446750455881728
0.8055032120253897,4.86296425396886,6.07520302776393
4.486597798039749,-4.410957438726786,-2.8280463168267587
4.318248296682353,-5.582421079511358,-3.781909892593118
3.9108349364155797,6.409928331887087,7.793321900263641
4.335257480014022,-2.6444003657717623,-1.9533364752312323
1.7880905597828158,8.618386477216124,10.006335989129079
3.221468262792634,7.43256697690914,8.842105308628598
0.7345676399690668,0.8585310212345689,0.4040441955974642
3.268511015034016,8.988947228294407,10.328602627758464
4.186550909023558,-1.5040966320758802,-1.5946569631421514
2.831963108706774,-8.051792647695532,-6.543394997459565
4.855079041617443,6.219861193670852,7.54848181171072
3.3789008755872354,-4.201179819990479,-2.714927378062285
0.7875838896356375,7.571189612899374,9.06100849909516
3.9499639949541083,6.872995419703017,8.287661523192142
1.4002580586161444,-4.691578830226478,-3.135530841623191
1.856417669397937,8.097742930926966,9.502732345165525
0.9859755464355215,-1.9311696980432913,-1.4834315160880764
2.526178788633219,3.0888387018226453,1.6596366318213167
0.794837845488318,0.344996668090257,-0.08368646640972727
4.4562616982590075,-7.495061911918266,-5.901804022303276
2.0480059187026165,5.864569864372054,7.211118007396961
4.358691881498022,-7.256380025520068,-5.623218058224416
0.8818023170504563,-3.248460997730886,-2.1650699286295474
1.8697187278429312,-3.3288447656830584,-2.247518476166489
4.583603086540564,1.3567420347097148,-0.6520107492982983
2.0165900422279717,-9.983332508133353,-8.499192229728969
1.1888299696542688,-7.59845917449665,-6.051089213440371
1.4347866695307894,-3.788267873339617,-2.5084346983823784
1.7140042903588286,-8.718854626619931,-7.2505291743267595
2.339033607824571,0.3449891357280812,-0.8403200515123643
4.2206062617702464,6.23622001309419,7.582096510337268
1.445368330674335,-6.633004529684161,-4.981524620157376
2.7958018644448512,-6.087719686312198,-4.334995424327613
4.505914660867259,-7.803962800991757,-6.259180340621299
0.6144410536566207,-9.0759856716838,-7.579359971407131
1.025205276156536,9.59379558528688,11.0348054944953
0.8363171586303725,4.896722554090724,6.110373735468375
1.9493692404343348,-1.334848154883721,-1.4192502550157173
3.736447579869552,3.657413403669496,2.37597241497294
0.5356912794631234,6.167822152343053,7.697603254381132
1.2475275945847597,-6.809649709582015,-5.183597977054422
3.4938012824228677,-6.194425859961095,-4.426876341915675
2.5311378244354774,0.7890495471504,-0.6672862719813843
2.092885680937738,8.156917691878537,9.550269267219916
2.3180768993067478,-0.8799022623103685,-1.303898322759436
4.327482257155659,5.212668797348357,5.996528829005633
1.7306535006352364,0.8616654669894963,-0.3835279391925639
0.7239986268588099,-1.2979575165669655,-1.032783405040473
4.758973670038043,6.834720892827427,8.238052387403664
4.6767749341600515,-4.642333924221633,-2.985193244480564
0.9045274928911562,-4.156802730766755,-2.759921822568833
4.2562306473134495,-9.37924667986927,-7.931264189895209
4.0507887921262675,7.194112462573205,8.602783716483742
1.5361328298450037,0.8451589525428638,-0.30287976904532365
0.7648428584862871,-6.098898259755325,-4.467907778034388
4.592135534516476,-5.130596306119033,-3.3689624429621716
4.894137532895974,-2.545926669710661,-1.9194485764755203
0.5425337012815591,5.653759880443914,7.142734209998392
2.557106171007989,-9.180265414565088,-7.726763096485587
4.334980600282214,-7.6454881813856135,-6.077280185751924
3.3389081448417857,9.971025399993373,11.350738656724863
0.5758989323972454,0.16863664304303327,0.07273222284137248
4.781432989959676,7.464951818416623,8.852262105924392
1.0503532269006506,-4.645441608868801,-3.120548974088158
2.250869273638645,-3.5442033215311497,-2.358255316946045
3.741742345821449,1.9293769387880069,-0.165866364663263
3.217558328995834,-1.1586470635158541,-1.4626290123166175
3.170300303931893,-5.135174248133973,-3.4108068438978214
4.600902122506246,3.473065913865982,1.7678407475909514
0.8814724724316061,-3.2839334928436026,-2.1863068856750467
3.172170343396804,-2.179947176930317,-1.7813664918424499
3.7952693292440656,-4.803808274378456,-3.124599999775316
0.6477489737350287,6.085017125854012,7.599054438062227
0.5633744844522655,5.880404498077807,7.389352555235608
4.096898483534091,9.137875015859507,10.464884871502132
3.053460671382615,-1.1680130498250776,-1.4567339580589946
4.104739310351642,-6.250332119555734,-4.473065714025342
1.773519865708315,1.1258352656911796,-0.22762506176293087
1.3410373057133465,-6.077112548997947,-4.398798548954677
4.433470554912049,6.882433392833715,8.290631010211223
0.9070187280374004,2.439174358396114,1.960519876701816
4.574580406108923,-9.558943837888329,-8.106600254133827
0.573336597191964,-8.956880354305756,-7.457513426484315
1.187309808132239,5.824205874131337,7.245003146632676
0.6053792322960909,2.020094552753637,1.9017613186487456
4.308981334450767,-9.966524711728763,-8.493638248268606
1.8398747984888781,3.568868710636865,3.015408771920594
2.071337058578261,-9.031626484025214,-7.573523823383532
2.6758925117422816,2.4962178483550552,0.6887459780032361
3.5190015088737305,-3.2853918174391943,-2.2171508840131153
4.906345359268117,-2.910660999485404,-2.0520419347160717
1.446772435356894,-6.007709098029322,-4.320443070258275
0.8045210286777076,0.6959203892260959,0.1738346898063296
0.6550162452703772,-4.14150654920634,-2.747224175554594
3.1545850827779103,2.1149232290872817,0.1179551764838806
4.779465748374198,0.5256901764546562,-1.030247504916142
0.5344983243257113,9.421668223203195,10.904340014932913
1.685046769848509,7.322719687303362,8.777448777149704
3.8740383175961184,0.4918979638533205,-0.9803906945335269
2.215985476988056,2.3555456894176707,0.7073941534566792
2.118579852742574,-4.003437342650232,-2.6249715668364564
1.0159700982914,0.9576607114233582,0.15312923386064126
1.0558524799731872,-2.4176889916584265,-1.7395743545315272
1.8171739094940484,-6.643316193426725,-4.975490653119944
1.8174373302487727,2.0572838755733507,0.5726480699230937
2.655508614961185,2.7244187642604203,1.0089490533184742
2.959520270899486,5.843574538245452,7.122289113198466
4.67853221942576,-4.5534361418086515,-2.9219663411832104
3.5949110704878224,5.196967779798422,6.033385710966041
4.146766786170206,-2.249278099432173,-1.8173496338837185
1.9163628977860399,2.0312254152207707,0.4874480233575179
1.9222433689864267,-9.210112292815673,-7.750028059599006
3.493958027513656,5.5979628218116595,6.732294007451295
4.291078070498453,3.3043164548812634,1.4951451178011368
1.8964109954814936,8.579639881976536,9.963925550802385
2.1839485303079127,4.25554961361753,4.3465030092306325
3.5377231546190284,-2.98845438241349,-2.0870987592014427
2.206516275079897,3.23611883999882,2.1026479410524064
4.667799435504527,-6.129812970363986,-4.331492414751565
4.503982124901423,3.7981746286142943,2.521987433032879
1.1375506863535576,-0.7963722865308842,-0.9999375870186056
3.0255426563118246,-2.988614678898454,-2.0878907190657143
1.584163736705327,-1.958780153607922,-1.613686537658609
0.9730826946622221,4.137840291677083,4.818432059249414
0.8078492644852509,-8.87419332700977,-7.386865503732599
3.2827550308278104,-9.470490545052531,-8.016530255447073
2.5559866667619944,-1.1217620673348456,-1.4080875777873731
3.7970885352422226,4.68538782775382,4.909750466633039
2.665131800541121,-6.912968851647319,-5.25087962814829
3.0341790123568004,7.500569145377266,8.909535307232664
2.0233639048013057,-2.4178739889694274,-1.8348778936641599
2.560285618507737,-4.901259917577234,-3.241206891168183
2.0807009773479592,9.366335940050377,10.745066242671177
3.0844651972610535,-4.25999810343477,-2.759886084240545
2.707308201707672,3.1835682744122735,1.7513622900075325
3.7535648404932953,-0.9104739581957215,-1.4156500970580106
0.7705158182657184,8.092176562624022,9.561132948625197
2.0763729375167745,1.8944145129749188,0.2667341244502279
3.551560575845878,-0.9640204356504345,-1.4218772019262045
4.827379444129179,-8.867101773843213,-7.419099464076255
1.6971485080629372,-2.1522340225606467,-1.7049763293540676
3.7008443394978476,4.681868940537948,4.9178747567908445
1.3712883112874528,-6.891598991656112,-5.267840889030912
3.6435223510129195,-9.164278477737781,-7.716874157454351
2.2113395015623567,-6.051271719440436,-4.321312871048229
3.105647490737214,9.75627207416904,11.1254955981033
4.589212672808891,6.828175775788893,8.233366191982043
1.8333684437541216,-2.9572915662061883,-2.0637546255404673
0.551161474992544,-4.698858313112284,-3.1894251462338516
2.3222468053744976,-1.4088474205695167,-1.4837180814987319
3.1427495822715326,-0.32499938643743853,-1.2023778192344294
3.2116363214149906,-1.225925251844977,-1.482400619421868
3.4708638592775434,8.264442131642081,9.618669941342276
2.3393280296303907,2.5110736858225398,0.8484416930561154
1.004067590233682,8.569331794397932,10.004420647249823
1.0856183374795352,8.318488878526509,9.75434243455012
3.9311799287427185,-7.045910217235791,-5.381712134438356
1.131260098398116,-2.7330833376534542,-1.910141751345313
4.709462280081298,2.083449661166343,-0.17336940871979217
0.9108340356908406,1.7513408213096575,1.0519083529783495
4.45442275478444,2.7858560577193607,0.6202292179702619
4.072482546022984,-6.56364645908085,-4.822966115189842
1.1588267636074636,-1.5015432638642423,-1.3340015305037036
0.5318370472630458,3.595998124241282,4.385705558476064
0.5578042026827743,-5.134266357741371,-3.5666758305175126
3.047569796329487,7.701042476595106,9.097176769771394
3.2266590086127365,1.4766544922935214,-0.40719985585587204
1.0521681463016699,-3.1622481644221834,-2.131904937055593
1.8952289188611844,2.3647913715714726,0.8939403616775953
3.8503393972469446,2.678545990194081,0.5927850799882838
0.5070806132458829,6.234941055337401,7.769805365420017
1.775926878908876,-6.624393456002906,-4.956451558137832
1.6280291073747093,5.165289746277988,6.275585332447071
3.0475621457304336,0.5416994938202517,-0.8721412713031815
4.210942708000128,4.6450762124559795,4.745753659061082
3.054200198982705,-3.2726689650596574,-2.2148407342452416
0.5009144834270896,4.1663386593990115,5.2697623781716185
1.9728939858869794,0.14126680218793375,-0.8481627975057039
4.276150900017577,-9.581546417145315,-8.127579600158139
0.762408886355906,9.282234699415525,10.737775030731362
3.1501031501918546,-2.5499496120416225,-1.913018069771851
1.9896548733546062,-6.19031144898925,-4.477684531835087
1.6524386081324127,-7.374622749030804,-5.796256225646508
4.834849508732316,-8.1326252605886,-6.630547750272751
4.443985532762046,9.552933029398062,10.889795081655747
1.468682366875639,3.7406725156494876,3.6513567147190575
2.220726118850113,9.473540034819582,10.851148372400518
3.139410871133765,8.348166143626138,9.70463856813378
2.4354408602344417,-6.114646950455642,-4.377518383722016
4.789601943954034,2.7282873218729478,0.49057963206231114
2.753583105107088,1.916264820363141,0.04000619048511758
3.14559952230982,-9.122710810895988,-7.6730995752062
1.7972434919415092,9.691293056390723,11.09402497265898
1.604307140646312,1.8340496540690605,0.4698596423339364
3.5668698579261138,4.288621175798269,3.9775948720955894
3.8337273757947816,2.0399503622422426,-0.08835862635640818
4.769346654778866,-8.237573986967394,-6.747166260723413
